Date,Ticker,Open,High,Low,Close,Adj Close,Volume,Daily Return
2025-06-02,AAPL,200.27999877929688,202.1300048828125,200.1199951171875,201.6999969482422,201.47134399414062,35423300,
2025-06-03,AAPL,201.35000610351562,203.77000427246094,200.9600067138672,203.27000427246094,203.03956604003906,46381600,0.007783846649397574
2025-06-04,AAPL,202.91000366210938,206.24000549316406,202.10000610351562,202.82000732421875,202.590087890625,43604000,-0.002213746602105271
2025-06-05,AAPL,203.5,204.75,200.14999389648438,200.6300048828125,200.40257263183594,55126100,-0.010797740805414291
2025-06-06,AAPL,203.0,205.6999969482422,202.0500030517578,203.9199981689453,203.68882751464844,46607700,0.01639826694665114
2025-06-09,AAPL,204.38999938964844,206.0,200.02000427246094,201.4499969482422,201.2216339111328,72862600,-0.012112562253018933
2025-06-10,AAPL,200.60000610351562,204.35000610351562,200.57000732421875,202.6699981689453,202.44024658203125,54672600,0.00605607184084711
2025-06-11,AAPL,203.5,204.5,198.41000366210938,198.77999877929688,198.55465698242188,60989900,-0.019193760456297837
2025-06-12,AAPL,199.0800018310547,199.67999267578125,197.36000061035156,199.1999969482422,198.97418212890625,43904600,0.002112895022762018
2025-06-13,AAPL,199.72999572753906,200.3699951171875,195.6999969482422,196.4499969482422,196.227294921875,51447300,-0.013805244367089187
2025-06-16,AAPL,197.3000030517578,198.69000244140625,196.55999755859375,198.4199981689453,198.195068359375,43020700,0.010028031208825672
2025-06-17,AAPL,197.1999969482422,198.38999938964844,195.2100067138672,195.63999938964844,195.418212890625,38856200,-0.014010719296581597
2025-06-18,AAPL,195.94000244140625,197.57000732421875,195.07000732421875,196.5800018310547,196.35714721679688,45394700,0.004804743182752258
2025-06-20,AAPL,198.24000549316406,201.6999969482422,196.86000061035156,201.0,200.7721405029297,96813500,0.02248450514132916
2025-06-23,AAPL,201.6300048828125,202.3000030517578,198.9600067138672,201.5,201.27157592773438,55814300,0.00248757334336136
2025-06-24,AAPL,202.58999633789062,203.44000244140625,200.1999969482422,200.3000030517578,200.07293701171875,54064000,-0.005955331300461331
2025-06-25,AAPL,201.4499969482422,203.6699981689453,200.6199951171875,201.55999755859375,201.33151245117188,39525700,0.0062905831155934955
2025-06-26,AAPL,201.42999267578125,202.63999938964844,199.4600067138672,201.0,200.7721405029297,50799100,-0.0027783626191049127
2025-06-27,AAPL,201.88999938964844,203.22000122070312,200.0,201.0800018310547,200.85205078125,73188600,0.00039801477495893245
2025-06-30,AAPL,202.00999450683594,207.38999938964844,199.25999450683594,205.1699981689453,204.93740844726562,91912800,0.020340134193924886
2025-07-01,AAPL,206.6699981689453,210.19000244140625,206.13999938964844,207.82000732421875,207.58441162109375,78788900,0.012916154224275056
2025-07-02,AAPL,208.91000366210938,213.33999633789062,208.13999938964844,212.44000244140625,212.1991729736328,67941800,0.022230770203315764
2025-07-03,AAPL,212.14999389648438,214.64999389648438,211.80999755859375,213.5500030517578,213.30792236328125,34955800,0.005225041050401336
2025-07-07,AAPL,212.67999267578125,216.22999572753906,208.8000030517578,209.9499969482422,209.7119903564453,50229000,-0.016857939297312052
2025-07-08,AAPL,210.10000610351562,211.42999267578125,208.4499969482422,210.00999450683594,209.7719268798828,42848900,0.0002858039892503772
2025-07-09,AAPL,209.52999877929688,211.3300018310547,207.22000122070312,211.13999938964844,210.90065002441406,48749400,0.005380715910463962
2025-07-10,AAPL,210.50999450683594,213.47999572753906,210.02999877929688,212.41000366210938,212.16920471191406,44443600,0.006014939675876629
2025-07-11,AAPL,210.57000732421875,212.1300048828125,209.86000061035156,211.16000366210938,210.92062377929688,39765800,-0.005884835805047839
2025-07-14,AAPL,209.92999267578125,210.91000366210938,207.5399932861328,208.6199951171875,208.3834991455078,38840100,-0.012028812490351148
2025-07-15,AAPL,209.22000122070312,211.88999938964844,208.9199981689453,209.11000061035156,208.87295532226562,42296300,0.0023488240612374867
2025-07-16,AAPL,210.3000030517578,212.39999389648438,208.63999938964844,210.16000366210938,209.92176818847656,47490500,0.0050212956703405975
2025-07-17,AAPL,210.57000732421875,211.8000030517578,209.58999633789062,210.02000427246094,209.78192138671875,48068100,-0.0006661853268702389
2025-07-18,AAPL,210.8699951171875,211.7899932861328,209.6999969482422,211.17999267578125,210.9405975341797,48974600,0.005523241182089356
2025-07-21,AAPL,212.10000610351562,215.77999877929688,211.6300048828125,212.47999572753906,212.23912048339844,51377400,0.0061558702516160135
2025-07-22,AAPL,213.13999938964844,214.9499969482422,212.22999572753906,214.39999389648438,214.15695190429688,46404100,0.009036182474420285
2025-07-23,AAPL,215.0,215.14999389648438,212.41000366210938,214.14999389648438,213.9072265625,46989300,-0.0011660856188711044
2025-07-24,AAPL,213.89999389648438,215.69000244140625,213.52999877929688,213.75999450683594,213.51766967773438,46022600,-0.0018211487803653226
2025-07-25,AAPL,214.6999969482422,215.24000549316406,213.39999389648438,213.8800048828125,213.63754272460938,40268800,0.0005614197975087887
2025-07-28,AAPL,214.02999877929688,214.85000610351562,213.05999755859375,214.0500030517578,213.80735778808594,37858000,0.0007948746335069146
2025-07-29,AAPL,214.17999267578125,214.80999755859375,210.82000732421875,211.27000427246094,211.03050231933594,51411700,-0.012987651582609505
2025-07-30,AAPL,211.89999389648438,212.38999938964844,207.72000122070312,209.0500030517578,208.81301879882812,45512500,-0.010507881543836084
2025-07-31,AAPL,208.49000549316406,209.83999633789062,207.16000366210938,207.57000732421875,207.33470153808594,80698400,-0.007079622090835236
2025-08-01,AAPL,210.8699951171875,213.5800018310547,201.5,202.3800048828125,202.1505889892578,104434500,-0.0250035932739211
2025-08-04,AAPL,204.50999450683594,207.8800048828125,201.67999267578125,203.35000610351562,203.11949157714844,75109300,0.004792974350137147
2025-08-05,AAPL,203.39999389648438,205.33999633789062,202.16000366210938,202.9199981689453,202.68995666503906,44155100,-0.0021146907604691068
2025-08-06,AAPL,205.6300048828125,215.3800048828125,205.58999633789062,213.25,213.0082550048828,108483100,0.05090680618623611
2025-08-07,AAPL,218.8800048828125,220.85000610351562,216.5800018310547,220.02999877929688,219.7805633544922,90224800,0.03179364268982976
2025-08-08,AAPL,220.8300018310547,231.0,219.25,229.35000610351562,229.0900115966797,113854000,0.04235792328538146
2025-08-11,AAPL,227.9199981689453,229.55999755859375,224.75999450683594,227.17999267578125,227.17999267578125,61806100,-0.008337416841468825
2025-08-12,AAPL,228.00999450683594,230.8000030517578,227.07000732421875,229.64999389648438,229.64999389648438,55626200,0.010872441677679756
2025-08-13,AAPL,231.07000732421875,235.0,230.42999267578125,233.3300018310547,233.3300018310547,69878500,0.01602441991019199
2025-08-14,AAPL,234.05999755859375,235.1199951171875,230.85000610351562,232.77999877929688,232.77999877929688,51916300,-0.0023571895917441354
2025-08-15,AAPL,234.0,234.27999877929688,229.33999633789062,231.58999633789062,231.58999633789062,56038700,-0.005112133549474374
2025-08-18,AAPL,231.6999969482422,233.1199951171875,230.11000061035156,230.88999938964844,230.88999938964844,37476200,-0.0030225698834628334
2025-08-19,AAPL,231.27999877929688,232.8699951171875,229.35000610351562,230.55999755859375,230.55999755859375,39402600,-0.001429259958971918
2025-08-20,AAPL,229.97999572753906,230.47000122070312,225.77000427246094,226.00999450683594,226.00999450683594,42263900,-0.019734572779050663
2025-08-21,AAPL,226.27000427246094,226.52000427246094,223.77999877929688,224.89999389648438,224.89999389648438,30621200,-0.004911289931109564
2025-08-22,AAPL,226.1699981689453,229.08999633789062,225.41000366210938,227.75999450683594,227.75999450683594,42477800,0.012716766064777785
2025-08-25,AAPL,226.47999572753906,229.3000030517578,226.22999572753906,227.16000366210938,227.16000366210938,30983100,-0.0026343118159346535
2025-08-26,AAPL,226.8699951171875,229.49000549316406,224.69000244140625,229.30999755859375,229.30999755859375,54575100,0.009464667467088184
2025-08-27,AAPL,228.61000061035156,230.89999389648438,228.25999450683594,230.49000549316406,230.49000549316406,31259500,0.00514590705653295
2025-08-28,AAPL,230.82000732421875,233.41000366210938,229.33999633789062,232.55999755859375,232.55999755859375,38074700,0.008980832210059075
2025-08-29,AAPL,232.50999450683594,233.3800048828125,231.3699951171875,232.13999938964844,232.13999938964844,39389400,-0.00180597769760249
2025-06-02,GOOGL,167.83999633789062,169.8699951171875,167.38999938964844,169.02999877929688,168.82562255859375,38612300,
2025-06-03,GOOGL,167.49000549316406,168.47999572753906,165.27999877929688,166.17999267578125,165.97906494140625,45084900,-0.01686093363108765
2025-06-04,GOOGL,166.74000549316406,168.22000122070312,166.36000061035156,168.0500030517578,167.8468017578125,26900800,0.011252845755370444
2025-06-05,GOOGL,170.33999633789062,170.92999267578125,167.58999633789062,168.2100067138672,168.00662231445312,36379100,0.0009521811256865131
2025-06-06,GOOGL,170.8300018310547,174.5,170.8300018310547,173.67999267578125,173.46998596191406,35731800,0.0325187398698803
2025-06-09,GOOGL,174.5399932861328,176.47000122070312,174.3699951171875,176.08999633789062,176.08999633789062,28935900,0.0151035371418764
2025-06-10,GOOGL,176.1999969482422,181.11000061035156,174.91000366210938,178.60000610351562,178.60000610351562,61766100,0.014254130375519258
2025-06-11,GOOGL,179.77000427246094,180.3699951171875,176.75,177.35000610351562,177.35000610351562,31646800,-0.006998879939990044
2025-06-12,GOOGL,176.17999267578125,176.72000122070312,174.75,175.6999969482422,175.6999969482422,20941900,-0.009303688178676217
2025-06-13,GOOGL,172.44000244140625,177.1300048828125,172.38999938964844,174.6699981689453,174.6699981689453,27663100,-0.005862258378981577
2025-06-16,GOOGL,174.72999572753906,176.94000244140625,174.64999389648438,176.77000427246094,176.77000427246094,27389200,0.01202270639222447
2025-06-17,GOOGL,175.6999969482422,177.36000061035156,174.5800018310547,175.9499969482422,175.9499969482422,24973000,-0.004638837497310089
2025-06-18,GOOGL,176.00999450683594,176.55999755859375,173.1999969482422,173.32000732421875,173.32000732421875,28707500,-0.014947369534749622
2025-06-20,GOOGL,173.9499969482422,174.33999633789062,165.4600067138672,166.63999938964844,166.63999938964844,75659900,-0.0385414704147482
2025-06-23,GOOGL,166.27000427246094,167.33999633789062,162.0,165.19000244140625,165.19000244140625,57671000,-0.008701373941149115
2025-06-24,GOOGL,166.9199981689453,168.22000122070312,166.1300048828125,166.77000427246094,166.77000427246094,40524300,0.009564754571724787
2025-06-25,GOOGL,167.6300048828125,172.36000061035156,167.5500030517578,170.67999267578125,170.67999267578125,35479000,0.02344539367482623
2025-06-26,GOOGL,172.42999267578125,173.69000244140625,169.94000244140625,173.5399932861328,173.5399932861328,31796700,0.01675650769322634
2025-06-27,GOOGL,173.5399932861328,178.67999267578125,171.72999572753906,178.52999877929688,178.52999877929688,108140200,0.028754210477215603
2025-06-30,GOOGL,180.77999877929688,181.22999572753906,174.5800018310547,176.22999572753906,176.22999572753906,63378900,-0.01288300603531134
2025-07-01,GOOGL,175.74000549316406,176.08999633789062,173.52999877929688,175.83999633789062,175.83999633789062,35904500,-0.002213013670223307
2025-07-02,GOOGL,175.5399932861328,178.86000061035156,175.07000732421875,178.63999938964844,178.63999938964844,29128900,0.015923584565922022
2025-07-03,GOOGL,178.5,179.6699981689453,177.0500030517578,179.52999877929688,179.52999877929688,21689700,0.004982083479003974
2025-07-07,GOOGL,179.05999755859375,179.3000030517578,175.67999267578125,176.7899932861328,176.7899932861328,34175600,-0.015262103892355383
2025-07-08,GOOGL,177.85000610351562,177.9499969482422,172.80999755859375,174.36000061035156,174.36000061035156,40442500,-0.01374508042346223
2025-07-09,GOOGL,175.25,179.44000244140625,172.77000427246094,176.6199951171875,176.6199951171875,43025600,0.012961656910557284
2025-07-10,GOOGL,175.6300048828125,178.42999267578125,174.3800048828125,177.6199951171875,177.6199951171875,29252400,0.0056618731040984915
2025-07-11,GOOGL,176.7899932861328,181.42999267578125,176.47999572753906,180.19000244140625,180.19000244140625,34282900,0.014469132951631547
2025-07-14,GOOGL,181.00999450683594,183.6699981689453,179.67999267578125,181.55999755859375,181.55999755859375,32536600,0.007603058430686094
2025-07-15,GOOGL,182.80999755859375,184.22000122070312,181.60000610351562,182.0,182.0,33448300,0.0024234547660435535
2025-07-16,GOOGL,183.24000549316406,184.3300018310547,182.02999877929688,182.97000122070312,182.97000122070312,33104200,0.005329677036830294
2025-07-17,GOOGL,182.13999938964844,184.05999755859375,180.47999572753906,183.5800018310547,183.5800018310547,31992600,0.0033338831845759476
2025-07-18,GOOGL,185.39999389648438,186.4199981689453,183.7100067138672,185.05999755859375,185.05999755859375,34014500,0.008061857025696506
2025-07-21,GOOGL,186.25,190.2899932861328,186.14999389648438,190.10000610351562,190.10000610351562,45803100,0.0272344569945544
2025-07-22,GOOGL,191.5,191.64999389648438,187.4600067138672,191.33999633789062,191.33999633789062,44660200,0.006522831112902638
2025-07-23,GOOGL,191.5,192.52999877929688,189.17999267578125,190.22999572753906,190.22999572753906,58681900,-0.005801194897021911
2025-07-24,GOOGL,197.02999877929688,197.9499969482422,191.0,192.1699981689453,192.1699981689453,74881700,0.010198194212151845
2025-07-25,GOOGL,191.97999572753906,194.3300018310547,191.25999450683594,193.17999267578125,193.17999267578125,39785900,0.0052557345915569265
2025-07-28,GOOGL,193.64999389648438,194.0500030517578,190.83999633789062,192.5800018310547,192.5800018310547,38139500,-0.003105864310356088
2025-07-29,GOOGL,192.42999267578125,195.9199981689453,192.0800018310547,195.75,195.75,41389200,0.016460681996079085
2025-07-30,GOOGL,195.60000610351562,197.60000610351562,194.69000244140625,196.52999877929688,196.52999877929688,32445400,0.003984668093470534
2025-07-31,GOOGL,195.7100067138672,195.99000549316406,191.08999633789062,191.89999389648438,191.89999389648438,51329200,-0.023558769203535168
2025-08-01,GOOGL,189.02999877929688,190.8300018310547,187.82000732421875,189.1300048828125,189.1300048828125,34832200,-0.014434544563696416
2025-08-04,GOOGL,190.2899932861328,195.27000427246094,190.1199951171875,195.0399932861328,195.0399932861328,31547400,0.031248285574688284
2025-08-05,GOOGL,194.7100067138672,197.86000061035156,193.88999938964844,194.6699981689453,194.6699981689453,31602300,-0.0018970217900114994
2025-08-06,GOOGL,194.5,196.6300048828125,193.6699981689453,196.08999633789062,196.08999633789062,21562900,0.0072943863065790815
2025-08-07,GOOGL,197.05999755859375,197.5399932861328,194.3300018310547,196.52000427246094,196.52000427246094,26321800,0.0021929111255085676
2025-08-08,GOOGL,197.22000122070312,202.61000061035156,197.1699981689453,201.4199981689453,201.4199981689453,39161800,0.024933817372051692
2025-08-11,GOOGL,200.94000244140625,201.47999572753906,199.07000732421875,201.0,201.0,25832400,-0.0020851860429123015
2025-08-12,GOOGL,201.3699951171875,204.5,200.58999633789062,203.33999633789062,203.33999633789062,30397900,0.011641772825326413
2025-08-13,GOOGL,204.1300048828125,204.52999877929688,197.50999450683594,201.9600067138672,201.9600067138672,28342900,-0.0067866118268749
2025-08-14,GOOGL,201.5,204.44000244140625,201.22999572753906,202.94000244140625,202.94000244140625,25230400,0.00485242471261893
2025-08-15,GOOGL,203.85000610351562,206.44000244140625,201.27999877929688,203.89999389648438,203.89999389648438,34931400,0.004730420043013828
2025-08-18,GOOGL,204.1999969482422,205.27000427246094,202.49000549316406,203.5,203.5,18526600,-0.001961716078753062
2025-08-19,GOOGL,203.02999877929688,203.44000244140625,199.9600067138672,201.57000732421875,201.57000732421875,24240200,-0.009483993492782505
2025-08-20,GOOGL,200.72999572753906,201.27999877929688,196.60000610351562,199.32000732421875,199.32000732421875,28955500,-0.011162374947880749
2025-08-21,GOOGL,199.75,202.47999572753906,199.42999267578125,199.75,199.75,19774600,0.0021572981134894142
2025-08-22,GOOGL,202.72999572753906,208.5399932861328,201.3000030517578,206.08999633789062,206.08999633789062,42827000,0.031739656259777815
2025-08-25,GOOGL,206.42999267578125,210.52000427246094,205.27999877929688,208.49000549316406,208.49000549316406,29928900,0.011645442272406825
2025-08-26,GOOGL,207.50999450683594,207.85000610351562,205.6999969482422,207.13999938964844,207.13999938964844,28464100,-0.006475159805969133
2025-08-27,GOOGL,205.6999969482422,208.91000366210938,205.64999389648438,207.47999572753906,207.47999572753906,23022900,0.001641384275815616
2025-08-28,GOOGL,207.25,212.22000122070312,206.89999389648438,211.63999938964844,211.63999938964844,32339300,0.020050143376580065
2025-08-29,GOOGL,210.50999450683594,214.64999389648438,210.1999969482422,212.91000366210938,212.91000366210938,39715600,0.006000776205459912
2025-06-02,MSFT,457.1400146484375,462.1099853515625,456.8900146484375,461.9700012207031,461.2118225097656,16626500,
2025-06-03,MSFT,461.4700012207031,464.1400146484375,460.8599853515625,462.9700012207031,462.2101745605469,15743800,0.0021646280560383424
2025-06-04,MSFT,464.0,465.69000244140625,463.0199890136719,463.8699951171875,463.1086730957031,14162700,0.0019439176907138922
2025-06-05,MSFT,464.9599914550781,469.6499938964844,464.0299987792969,467.67999267578125,466.91241455078125,20131700,0.008213496477298854
2025-06-06,MSFT,470.0899963378906,473.3399963378906,468.7799987792969,470.3800048828125,469.6080017089844,15285600,0.005773218004487157
2025-06-09,MSFT,469.70001220703125,473.42999267578125,468.6199951171875,472.75,471.97412109375,16469900,0.005038498867470098
2025-06-10,MSFT,471.19000244140625,472.79998779296875,466.9599914550781,470.9200134277344,470.1471252441406,15375900,-0.003870966156736544
2025-06-11,MSFT,470.0199890136719,475.4700012207031,469.6600036621094,472.6199951171875,471.8443298339844,16399200,0.0036099435659899815
2025-06-12,MSFT,475.0199890136719,480.4200134277344,473.5199890136719,478.8699951171875,478.0840759277344,18950600,0.01322416250280134
2025-06-13,MSFT,476.4100036621094,479.17999267578125,472.760009765625,474.9599914550781,474.18048095703125,16814500,-0.008165080510427192
2025-06-16,MSFT,475.2099914550781,480.69000244140625,475.0,479.1400146484375,478.3536376953125,15626100,0.008800777142615956
2025-06-17,MSFT,475.3999938964844,478.739990234375,474.0799865722656,478.0400085449219,477.25543212890625,15414100,-0.0022958026862665015
2025-06-18,MSFT,478.0,481.0,474.4599914550781,480.239990234375,479.4518127441406,17526500,0.0046021071052808615
2025-06-20,MSFT,482.2300109863281,483.4599914550781,476.8699951171875,477.3999938964844,476.6164855957031,37576200,-0.005913685323681417
2025-06-23,MSFT,478.2099914550781,487.75,472.510009765625,486.0,485.2023620605469,24864000,0.01801422469496128
2025-06-24,MSFT,488.95001220703125,491.8500061035156,486.79998779296875,490.1099853515625,489.30560302734375,22305600,0.008456762142235563
2025-06-25,MSFT,492.0400085449219,494.55999755859375,489.3900146484375,492.2699890136719,491.4620666503906,17495100,0.004407191762580975
2025-06-26,MSFT,492.9800109863281,498.0400085449219,492.80999755859375,497.45001220703125,496.6335754394531,21578900,0.010522701831922499
2025-06-27,MSFT,497.54998779296875,499.29998779296875,493.0299987792969,495.94000244140625,495.1260681152344,34539200,-0.003035451888013796
2025-06-30,MSFT,497.0400085449219,500.760009765625,495.3299865722656,497.4100036621094,496.5936584472656,28369000,0.002964074054145005
2025-07-01,MSFT,496.4700012207031,498.04998779296875,490.9800109863281,492.04998779296875,491.242431640625,19945400,-0.010775866174716486
2025-07-02,MSFT,489.989990234375,493.5,488.70001220703125,491.0899963378906,490.2840270996094,16319600,-0.001950980777077449
2025-07-03,MSFT,493.80999755859375,500.1300048828125,493.44000244140625,498.8399963378906,498.02130126953125,13984800,0.01578120791675297
2025-07-07,MSFT,497.3800048828125,498.75,495.2300109863281,497.7200012207031,496.90313720703125,13981600,-0.0022452133265176144
2025-07-08,MSFT,497.239990234375,498.20001220703125,494.1099853515625,496.6199951171875,495.804931640625,11846600,-0.0022100998850178577
2025-07-09,MSFT,500.29998779296875,506.7799987792969,499.739990234375,503.510009765625,502.68365478515625,18659500,0.013873849785578818
2025-07-10,MSFT,503.04998779296875,504.44000244140625,497.75,501.4800109863281,500.656982421875,16492100,-0.004031705316035028
2025-07-11,MSFT,498.4700012207031,505.0299987792969,497.79998779296875,503.32000732421875,502.49395751953125,16459500,0.0036691290886827765
2025-07-14,MSFT,501.5199890136719,503.9700012207031,501.0299987792969,503.0199890136719,502.1944274902344,12058800,-0.000596086828139053
2025-07-15,MSFT,503.0199890136719,508.29998779296875,502.7900085449219,505.82000732421875,504.9898376464844,14927200,0.00556639023300276
2025-07-16,MSFT,505.17999267578125,506.7200012207031,501.8900146484375,505.6199951171875,504.7901611328125,15154400,-0.00039540699393569856
2025-07-17,MSFT,505.67999267578125,513.3699951171875,505.6199951171875,511.70001220703125,510.8601989746094,17503100,0.012024873520068091
2025-07-18,MSFT,514.47998046875,514.6400146484375,507.42999267578125,510.04998779296875,509.212890625,21209700,-0.0032245775907299157
2025-07-21,MSFT,506.7099914550781,512.0900268554688,505.54998779296875,510.05999755859375,509.2228698730469,14066800,1.9597398712045688e-05
2025-07-22,MSFT,510.9700012207031,511.20001220703125,505.2699890136719,505.2699890136719,504.44073486328125,13868600,-0.009391045243034468
2025-07-23,MSFT,506.75,506.7900085449219,500.70001220703125,505.8699951171875,505.0397644042969,16396600,0.0011875122281272965
2025-07-24,MSFT,508.7699890136719,513.6699829101562,507.29998779296875,510.8800048828125,510.0415344238281,16107000,0.009903715255829226
2025-07-25,MSFT,512.469970703125,518.2899780273438,510.3599853515625,513.7100219726562,512.866943359375,19125700,0.005539566378135463
2025-07-28,MSFT,514.0800170898438,515.0,510.1199951171875,512.5,511.65887451171875,14308000,-0.0023555209851178205
2025-07-29,MSFT,515.530029296875,517.6199951171875,511.55999755859375,512.5700073242188,511.728759765625,16469200,0.00013658563818119696
2025-07-30,MSFT,515.1699829101562,515.9500122070312,509.44000244140625,513.239990234375,512.3976440429688,26380400,0.0013071070651766714
2025-07-31,MSFT,555.22998046875,555.4500122070312,531.9000244140625,533.5,532.6243896484375,51617300,0.03947470453976676
2025-08-01,MSFT,535.0,535.7999877929688,520.8599853515625,524.1099853515625,523.2498168945312,28977600,-0.01760072001226609
2025-08-04,MSFT,528.27001953125,538.25,528.1300048828125,535.6400146484375,534.7609252929688,25349000,0.021999259295981233
2025-08-05,MSFT,537.1799926757812,537.2999877929688,527.239990234375,527.75,526.8838500976562,19171600,-0.014730087451690799
2025-08-06,MSFT,530.9000244140625,531.7000122070312,524.030029296875,524.9400024414062,524.0784912109375,21355700,-0.0053244351410633994
2025-08-07,MSFT,526.7999877929688,528.0900268554688,517.5499877929688,520.8400268554688,519.9852294921875,16079100,-0.007810398227357296
2025-08-08,MSFT,522.5999755859375,524.6599731445312,519.4099731445312,522.0399780273438,521.1832275390625,15531000,0.002303907839930286
2025-08-11,MSFT,522.2999877929688,527.5900268554688,519.719970703125,521.77001953125,520.9136962890625,20194400,-0.0005171525785138131
2025-08-12,MSFT,523.75,530.97998046875,522.7000122070312,529.239990234375,528.3713989257812,18667000,0.014316580058936212
2025-08-13,MSFT,532.1099853515625,532.7000122070312,519.3699951171875,520.5800170898438,519.7256469726562,19619200,-0.016363020350273483
2025-08-14,MSFT,522.5599975585938,525.9500122070312,520.1400146484375,522.47998046875,521.6224975585938,20269100,0.003649715185283675
2025-08-15,MSFT,522.77001953125,526.0999755859375,519.0800170898438,520.1699829101562,519.3162841796875,25213300,-0.004421230659529152
2025-08-18,MSFT,521.5900268554688,522.8200073242188,514.02001953125,517.0999755859375,516.2512817382812,23760600,-0.005901995633061485
2025-08-19,MSFT,515.0,515.1599731445312,508.54998779296875,509.7699890136719,508.933349609375,21481000,-0.014175136000177835
2025-08-20,MSFT,509.8699951171875,511.0,504.44000244140625,505.7200012207031,504.8900146484375,27723000,-0.00794472392905854
2025-08-21,MSFT,503.69000244140625,507.6300048828125,502.7200012207031,504.239990234375,504.239990234375,18443300,-0.0012874574564821772
2025-08-22,MSFT,504.25,510.7300109863281,502.4100036621094,507.2300109863281,507.2300109863281,24324200,0.005929757278004377
2025-08-25,MSFT,506.6300048828125,508.19000244140625,504.1199951171875,504.260009765625,504.260009765625,21638600,-0.0058553341804989945
2025-08-26,MSFT,504.3599853515625,504.9800109863281,498.510009765625,502.0400085449219,502.0400085449219,30835700,-0.004402493114088024
2025-08-27,MSFT,502.0,507.2900085449219,499.8999938964844,506.739990234375,506.739990234375,17277900,0.00936176720870363
2025-08-28,MSFT,507.0899963378906,511.0899963378906,505.5,509.6400146484375,509.6400146484375,18015600,0.005722904191400424
2025-08-29,MSFT,508.6600036621094,509.6000061035156,504.489990234375,506.69000244140625,506.69000244140625,20954200,-0.005788423440546087
2025-06-02,AMZN,204.97999572753906,207.0,202.67999267578125,206.64999389648438,206.64999389648438,29113300,
2025-06-03,AMZN,207.11000061035156,208.9499969482422,205.02999877929688,205.7100067138672,205.7100067138672,33139100,-0.004548692041520419
2025-06-04,AMZN,206.5500030517578,208.17999267578125,205.17999267578125,207.22999572753906,207.22999572753906,29915600,0.007388989179248462
2025-06-05,AMZN,209.5500030517578,212.80999755859375,207.55999755859375,207.91000366210938,207.91000366210938,51864200,0.0032814165352026414
2025-06-06,AMZN,212.39999389648438,213.8699951171875,210.5,213.57000732421875,213.57000732421875,39832500,0.027223334916139486
2025-06-09,AMZN,214.75,217.85000610351562,212.8800048828125,216.97999572753906,216.97999572753906,38102500,0.015966607137600786
2025-06-10,AMZN,216.77999877929688,217.69000244140625,214.14999389648438,217.61000061035156,217.61000061035156,31303300,0.0029035159702168745
2025-06-11,AMZN,217.41000366210938,218.39999389648438,212.88999938964844,213.1999969482422,213.1999969482422,39326000,-0.020265629565462184
2025-06-12,AMZN,211.77999877929688,213.5800018310547,211.3300018310547,213.24000549316406,213.24000549316406,27640000,0.00018765734284498237
2025-06-13,AMZN,209.9600067138672,214.0500030517578,209.6199951171875,212.10000610351562,212.10000610351562,29337800,-0.0053460859139069505
2025-06-16,AMZN,212.30999755859375,217.05999755859375,211.60000610351562,216.10000610351562,216.10000610351562,33284200,0.018859028217320217
2025-06-17,AMZN,215.1999969482422,217.41000366210938,214.55999755859375,214.82000732421875,214.82000732421875,32086300,-0.005923177895162723
2025-06-18,AMZN,215.08999633789062,217.9600067138672,212.33999633789062,212.52000427246094,212.52000427246094,44360500,-0.010706651956707725
2025-06-20,AMZN,214.67999267578125,214.88999938964844,208.27000427246094,209.69000244140625,209.69000244140625,75350700,-0.013316402099383007
2025-06-23,AMZN,209.7899932861328,210.38999938964844,207.30999755859375,208.47000122070312,208.47000122070312,37311700,-0.005818118205440093
2025-06-24,AMZN,212.13999938964844,214.33999633789062,211.0500030517578,212.77000427246094,212.77000427246094,38378800,0.02062648355436747
2025-06-25,AMZN,214.6199951171875,216.02999877929688,211.11000061035156,211.99000549316406,211.99000549316406,31755700,-0.0036659245365152637
2025-06-26,AMZN,213.1199951171875,218.0399932861328,212.00999450683594,217.1199951171875,217.1199951171875,50480800,0.024199205109171285
2025-06-27,AMZN,219.9199981689453,223.3000030517578,216.74000549316406,223.3000030517578,223.3000030517578,119217100,0.028463559660798277
2025-06-30,AMZN,223.52000427246094,223.82000732421875,219.1199951171875,219.38999938964844,219.38999938964844,58887800,-0.017510092291414314
2025-07-01,AMZN,219.5,221.8800048828125,217.92999267578125,220.4600067138672,220.4600067138672,39256800,0.00487719279454657
2025-07-02,AMZN,219.72999572753906,221.60000610351562,219.05999755859375,219.9199981689453,219.9199981689453,30894200,-0.002449462616694653
2025-07-03,AMZN,221.82000732421875,224.00999450683594,221.36000061035156,223.41000366210938,223.41000366210938,29632400,0.015869432167251007
2025-07-07,AMZN,223.0,224.2899932861328,222.3699951171875,223.47000122070312,223.47000122070312,36604100,0.0002685535903059755
2025-07-08,AMZN,223.9199981689453,224.0,218.42999267578125,219.36000061035156,219.36000061035156,45692000,-0.018391733064396676
2025-07-09,AMZN,221.07000732421875,224.2899932861328,220.47000122070312,222.5399932861328,222.5399932861328,38155100,0.014496684294917905
2025-07-10,AMZN,221.5500030517578,222.7899932861328,219.6999969482422,222.25999450683594,222.25999450683594,30370600,-0.0012581953255335065
2025-07-11,AMZN,223.5800018310547,226.67999267578125,222.3699951171875,225.02000427246094,225.02000427246094,50518300,0.012417933203629827
2025-07-14,AMZN,225.07000732421875,226.66000366210938,224.24000549316406,225.69000244140625,225.69000244140625,35702600,0.0029775049161142597
2025-07-15,AMZN,226.1999969482422,227.27000427246094,225.4600067138672,226.35000610351562,226.35000610351562,34907300,0.0029243814744550622
2025-07-16,AMZN,225.8800048828125,226.10000610351562,222.17999267578125,223.19000244140625,223.19000244140625,39535900,-0.013960696164789232
2025-07-17,AMZN,223.32000732421875,224.5,222.50999450683594,223.8800048828125,223.8800048828125,31855800,0.0030915472640284936
2025-07-18,AMZN,225.13999938964844,226.39999389648438,222.97999572753906,226.1300048828125,226.1300048828125,37833800,0.010050026580880944
2025-07-21,AMZN,225.83999633789062,229.69000244140625,225.64999389648438,229.3000030517578,229.3000030517578,40297600,0.014018476542235536
2025-07-22,AMZN,229.67999267578125,230.0,226.35000610351562,227.47000122070312,227.47000122070312,37483700,-0.007980819043607368
2025-07-23,AMZN,228.47000122070312,228.7899932861328,227.08999633789062,228.2899932861328,228.2899932861328,28294900,0.003604836070819184
2025-07-24,AMZN,229.1699981689453,236.0,228.63999938964844,232.22999572753906,232.22999572753906,42902300,0.01725876103762447
2025-07-25,AMZN,232.22000122070312,232.47999572753906,231.17999267578125,231.44000244140625,231.44000244140625,28712100,-0.00340177109187767
2025-07-28,AMZN,233.35000610351562,234.2899932861328,232.25,232.7899932861328,232.7899932861328,26300100,0.005833005662313484
2025-07-29,AMZN,234.14999389648438,234.72000122070312,230.30999755859375,231.00999450683594,231.00999450683594,33716200,-0.007646371539299812
2025-07-30,AMZN,231.63999938964844,231.8000030517578,229.2899932861328,230.19000244140625,230.19000244140625,32993300,-0.003549595623255297
2025-07-31,AMZN,235.77000427246094,236.52999877929688,231.39999389648438,234.11000061035156,234.11000061035156,104357300,0.017029402351838252
2025-08-01,AMZN,217.2100067138672,220.44000244140625,212.8000030517578,214.75,214.75,122258800,-0.08269617085933034
2025-08-04,AMZN,217.39999389648438,217.44000244140625,211.4199981689453,211.64999389648438,211.64999389648438,77890100,-0.01443541840985152
2025-08-05,AMZN,213.0500030517578,216.3000030517578,212.8699951171875,213.75,213.75,51505100,0.009922070229506863
2025-08-06,AMZN,214.6999969482422,222.64999389648438,213.74000549316406,222.30999755859375,222.30999755859375,54823000,0.04004677220394748
2025-08-07,AMZN,221.0,226.22000122070312,220.82000732421875,223.1300048828125,223.1300048828125,40603500,0.0036885760119835798
2025-08-08,AMZN,223.13999938964844,223.8000030517578,221.8800048828125,222.69000244140625,222.69000244140625,32970500,-0.001971955504762035
2025-08-11,AMZN,221.77999877929688,223.0500030517578,220.39999389648438,221.3000030517578,221.3000030517578,31646200,-0.006241858073597895
2025-08-12,AMZN,222.22999572753906,223.5,219.0500030517578,221.47000122070312,221.47000122070312,37185800,0.0007681796954406295
2025-08-13,AMZN,222.0,224.9199981689453,222.0,224.55999755859375,224.55999755859375,36508300,0.01395221168040428
2025-08-14,AMZN,227.39999389648438,233.11000061035156,227.02000427246094,230.97999572753906,230.97999572753906,61545800,0.02858923333961183
2025-08-15,AMZN,232.5800018310547,234.0800018310547,229.80999755859375,231.02999877929688,231.02999877929688,39649200,0.00021648217457226338
2025-08-18,AMZN,230.22999572753906,231.91000366210938,228.3300018310547,231.49000549316406,231.49000549316406,25248900,0.0019911124801876845
2025-08-19,AMZN,230.08999633789062,230.52999877929688,227.1199951171875,228.00999450683594,228.00999450683594,29891000,-0.01503309388634011
2025-08-20,AMZN,227.1199951171875,227.27000427246094,220.9199981689453,223.80999755859375,223.80999755859375,36604300,-0.01842023178556884
2025-08-21,AMZN,222.64999389648438,222.77999877929688,220.5,221.9499969482422,221.9499969482422,32140500,-0.008310623433453235
2025-08-22,AMZN,222.7899932861328,229.13999938964844,220.82000732421875,228.83999633789062,228.83999633789062,37315300,0.031043025385826706
2025-08-25,AMZN,227.35000610351562,229.60000610351562,227.30999755859375,227.94000244140625,227.94000244140625,22633700,-0.003932852258726194
2025-08-26,AMZN,227.11000061035156,229.0,226.02000427246094,228.7100067138672,228.7100067138672,26105400,0.0033781006590050122
2025-08-27,AMZN,228.57000732421875,229.8699951171875,227.80999755859375,229.1199951171875,229.1199951171875,21254500,0.0017926124405795996
2025-08-28,AMZN,229.00999450683594,232.7100067138672,228.02000427246094,231.60000610351562,231.60000610351562,33679600,0.0108240705271474
2025-08-29,AMZN,231.32000732421875,231.80999755859375,228.16000366210938,229.0,229.0,26177800,-0.011226278216735164
2025-06-02,META,644.3900146484375,673.260009765625,644.260009765625,670.9000244140625,670.3842163085938,15766300,
2025-06-03,META,671.4500122070312,675.5800170898438,665.030029296875,666.8499755859375,666.3372802734375,11585000,-0.006036741224965447
2025-06-04,META,669.3200073242188,689.0,668.5700073242188,687.9500122070312,687.4210815429688,14031900,0.03164133524223556
2025-06-05,META,691.6599731445312,694.3800048828125,682.25,684.6199951171875,684.0936279296875,13083100,-0.00484048817038385
2025-06-06,META,696.1699829101562,702.8099975585938,691.8699951171875,697.7100219726562,697.173583984375,11728000,0.01912012555104803
2025-06-09,META,698.4600219726562,705.1900024414062,693.9400024414062,694.0599975585938,693.5263671875,12773200,-0.005231432860710261
2025-06-10,META,701.3499755859375,703.22998046875,691.5599975585938,702.4000244140625,701.8599853515625,10850100,0.01201629607517063
2025-06-11,META,703.7100219726562,708.8699951171875,691.989990234375,694.1400146484375,693.6063232421875,9582500,-0.011759698916644634
2025-06-12,META,693.2999877929688,695.3800048828125,687.0,693.3599853515625,692.826904296875,7322700,-0.0011237194921597249
2025-06-13,META,687.9500122070312,694.5700073242188,681.010009765625,682.8699951171875,682.344970703125,9274400,-0.015129224238755179
2025-06-16,META,699.3300170898438,707.1500244140625,693.510009765625,702.1199951171875,702.1199951171875,13720300,0.028980977750426185
2025-06-17,META,702.0,705.969970703125,696.0599975585938,697.22998046875,697.22998046875,10066100,-0.006964642343822325
2025-06-18,META,698.1799926757812,701.5900268554688,694.9000244140625,695.77001953125,695.77001953125,10068300,-0.002093944578399287
2025-06-20,META,700.75,701.8200073242188,678.6699829101562,682.3499755859375,682.3499755859375,22538600,-0.019288045717108848
2025-06-23,META,683.6900024414062,699.0499877929688,678.75,698.530029296875,698.530029296875,11080100,0.02371225073620553
2025-06-24,META,704.8900146484375,713.1900024414062,702.1099853515625,712.2000122070312,712.2000122070312,13823200,0.019569642444600577
2025-06-25,META,713.3200073242188,716.5800170898438,705.3800048828125,708.6799926757812,708.6799926757812,9320400,-0.004942459240265706
2025-06-26,META,714.3599853515625,728.219970703125,711.0499877929688,726.0900268554688,726.0900268554688,13964800,0.024566848732319846
2025-06-27,META,726.52001953125,735.4299926757812,725.8599853515625,733.6300048828125,733.6300048828125,18775700,0.010384356964655783
2025-06-30,META,744.5499877929688,747.9000244140625,734.25,738.0900268554688,738.0900268554688,15402100,0.00607938871498126
2025-07-01,META,736.8800048828125,737.75,715.3699951171875,719.219970703125,719.219970703125,13431200,-0.02556606303534137
2025-07-02,META,715.3300170898438,720.2999877929688,712.7999877929688,713.5700073242188,713.5700073242188,9336700,-0.007855682001408737
2025-07-03,META,726.6099853515625,729.030029296875,714.4199829101562,719.010009765625,719.010009765625,8601700,0.0076236422293103345
2025-07-07,META,717.5999755859375,727.0,713.510009765625,718.3499755859375,718.3499755859375,9457100,-0.0009179763434763455
2025-07-08,META,721.5700073242188,722.9099731445312,714.8099975585938,720.6699829101562,720.6699829101562,7770700,0.0032296337482664583
2025-07-09,META,722.719970703125,737.530029296875,722.719970703125,732.780029296875,732.780029296875,11418000,0.016803872332543657
2025-07-10,META,731.5499877929688,735.7999877929688,719.5999755859375,727.239990234375,727.239990234375,9913600,-0.007560303011827196
2025-07-11,META,722.5,725.1599731445312,709.7000122070312,717.510009765625,717.510009765625,10873900,-0.013379325393828023
2025-07-14,META,717.5999755859375,728.0,716.5499877929688,720.9199829101562,720.9199829101562,8939400,0.004752509509442504
2025-07-15,META,723.9000244140625,724.469970703125,709.8200073242188,710.3900146484375,710.3900146484375,11529500,-0.014606292669558374
2025-07-16,META,713.3699951171875,713.969970703125,699.27001953125,702.9099731445312,702.9099731445312,13067600,-0.01052948570456469
2025-07-17,META,704.3900146484375,705.9000244140625,697.1099853515625,701.4099731445312,701.4099731445312,11803300,-0.002133985940318328
2025-07-18,META,702.1900024414062,704.7100219726562,691.6500244140625,704.280029296875,704.280029296875,12779800,0.004091838243298396
2025-07-21,META,706.7999877929688,717.0,705.760009765625,712.969970703125,712.969970703125,9404400,0.012338758795880755
2025-07-22,META,716.1900024414062,716.5999755859375,701.4099731445312,704.8099975585938,704.8099975585938,8921100,-0.011445044644003644
2025-07-23,META,706.3699951171875,714.6300048828125,704.9299926757812,713.5800170898438,713.5800170898438,8771600,0.01244309751795325
2025-07-24,META,717.0499877929688,723.6199951171875,714.0,714.7999877929688,714.7999877929688,10920800,0.0017096480757692323
2025-07-25,META,716.9199829101562,720.6500244140625,711.9000244140625,712.6799926757812,712.6799926757812,8271700,-0.0029658577971346523
2025-07-28,META,715.2000122070312,724.739990234375,712.6799926757812,717.6300048828125,717.6300048828125,8715700,0.006945630939415359
2025-07-29,META,720.0,724.469970703125,699.9099731445312,700.0,700.0,13267000,-0.024566984048683183
2025-07-30,META,708.0900268554688,708.5,691.2000122070312,695.2100219726562,695.2100219726562,27077300,-0.0068428257533482695
2025-07-31,META,775.2000122070312,784.75,765.510009765625,773.4400024414062,773.4400024414062,38831100,0.11252711841922625
2025-08-01,META,760.72998046875,766.0,745.3099975585938,750.010009765625,750.010009765625,19028700,-0.03029322585051608
2025-08-04,META,760.0,776.8499755859375,758.4099731445312,776.3699951171875,776.3699951171875,15801700,0.03514617806207654
2025-08-05,META,776.4500122070312,783.1300048828125,763.0,763.4600219726562,763.4600219726562,11640300,-0.016628634833553257
2025-08-06,META,770.0,773.6400146484375,760.4600219726562,771.989990234375,771.989990234375,9733900,0.011172776591076294
2025-08-07,META,773.489990234375,775.0,759.5499877929688,761.8300170898438,761.8300170898438,9019700,-0.01316075761739699
2025-08-08,META,762.75,769.9000244140625,758.5800170898438,769.2999877929688,769.2999877929688,7320800,0.009805298472827184
2025-08-11,META,770.0800170898438,773.4600219726562,764.6699829101562,765.8699951171875,765.8699951171875,7612000,-0.00445858927623477
2025-08-12,META,773.0,793.6699829101562,772.4299926757812,790.0,790.0,14563100,0.031506659141438575
2025-08-13,META,791.1500244140625,795.4600219726562,778.22998046875,780.0800170898438,780.0800170898438,8811800,-0.0125569403926028
2025-08-14,META,777.8800048828125,787.8099975585938,772.510009765625,782.1300048828125,782.1300048828125,8116200,0.0026279198903420564
2025-08-15,META,784.1500244140625,796.25,780.8200073242188,785.22998046875,785.22998046875,13375400,0.00396350423405889
2025-08-18,META,775.0900268554688,775.8099975585938,756.5599975585938,767.3699951171875,767.3699951171875,16513700,-0.022744910148362885
2025-08-19,META,767.1199951171875,767.1699829101562,749.3599853515625,751.47998046875,751.47998046875,12286700,-0.020707109672708612
2025-08-20,META,747.5700073242188,750.2000122070312,731.0,747.719970703125,747.719970703125,11898200,-0.005003472964482225
2025-08-21,META,744.7100219726562,745.5,733.1099853515625,739.0999755859375,739.0999755859375,8876300,-0.01152837352877123
2025-08-22,META,739.22998046875,756.9000244140625,734.3900146484375,754.7899780273438,754.7899780273438,10612700,0.02122852517884022
2025-08-25,META,754.8200073242188,758.8800048828125,750.1300048828125,753.2999877929688,753.2999877929688,6861200,-0.0019740461290558287
2025-08-26,META,750.7999877929688,754.8699951171875,747.9400024414062,754.0999755859375,754.0999755859375,7601800,0.0010619777060034696
2025-08-27,META,752.2999877929688,754.1500244140625,742.8400268554688,747.3800048828125,747.3800048828125,8315400,-0.008911246413850549
2025-08-28,META,744.0,753.0499877929688,740.7999877929688,751.1099853515625,751.1099853515625,7468000,0.004990741583105196
2025-08-29,META,745.280029296875,747.1400146484375,735.3499755859375,738.7000122070312,738.7000122070312,9060200,-0.016522178358103767
